<?xml version="1.0" encoding="UTF-8"?>
<!--
  ~     Copyright 2013 University of Southern California
  ~
  ~  Licensed under the Apache License, Version 2.0 (the
  ~  "License"); you may not use this file except in compliance
  ~  with the License.  You may obtain a copy of the License at
  ~ 
  ~     http://www.apache.org/licenses/LICENSE-2.0
  ~
  ~  Unless required by applicable law or agreed to in writing,
  ~  software distributed under the License is distributed on an
  ~  "AS IS" BASIS, WITHOUT WARRANTIES OR CONDITIONS OF ANY
  ~  KIND, either express or implied.  See the License for the
  ~  specific language governing permissions and limitations
  ~  under the License.
  -->
<assembly>
	<id>bin</id>
	<includeBaseDirectory>false</includeBaseDirectory>
	<formats>
		<format>zip</format>
	</formats>

	<moduleSets>
		<moduleSet>
		  <!-- Enable access to all projects in the current multimodule build! -->
    	  <useAllReactorProjects>true</useAllReactorProjects> 

    	  <!-- Now, select which projects to include in this module-set. -->
	      <includes>
	      	<include>edu.usc.goffish.gofs:gofs-api</include>
	        <include>edu.usc.goffish.gofs:gofs-core</include>
	      </includes> 
	    
	      <binaries>
	      	<outputFileNameMapping>${module.artifactId}.${module.extension}</outputFileNameMapping>
	        <outputDirectory>gofs/bin</outputDirectory>
	        <unpack>false</unpack>

	        <dependencySets>
		<dependencySet>
			<useProjectArtifact>false</useProjectArtifact>
			<outputDirectory>gofs/bin/lib</outputDirectory>
			<excludes>
				<exclude>junit:junit</exclude>
				<exclude>edu.usc.goffish:gofs-api</exclude>
			</excludes>
		</dependencySet>
		</dependencySets>
	      </binaries>   
	
		</moduleSet>
	</moduleSets>	
	<fileSets>
	          <fileSet>
	            <directory>scripts</directory>
	            <outputDirectory>gofs/bin</outputDirectory>
	            <includes>
					<include>**</include>
				</includes>
				<excludes>
					<exclude>gofs.config</exclude>
				</excludes>
	        </fileSet>
	        </fileSets>
	  <files>
				<file>
					<source>scripts/gofs.config</source>
					<outputDirectory>gofs/conf</outputDirectory>
				</file>
			</files>

</assembly>
