<?xml version="1.0" encoding="UTF-8"?>
<!--
  ~  Licensed to the Apache Software Foundation (ASF) under one
  ~  or more contributor license agreements.  See the NOTICE file
  ~  distributed with this work for additional information
  ~  regarding copyright ownership.  The ASF licenses this file
  ~  to you under the Apache License, Version 2.0 (the
  ~  "License"); you may not use this file except in compliance
  ~  with the License.  You may obtain a copy of the License at
  ~
  ~   http://www.apache.org/licenses/LICENSE-2.0
  ~
  ~  Unless required by applicable law or agreed to in writing,
  ~  software distributed under the License is distributed on an
  ~   * "AS IS" BASIS, WITHOUT WARRANTIES OR CONDITIONS OF ANY
  ~  KIND, either express or implied.  See the License for the
  ~  specific language governing permissions and limitations
  ~  under the License.
  -->
<assembly>
    <id>bin</id>
    <includeBaseDirectory>false</includeBaseDirectory>
    <formats>
        <!--<format>tar.gz</format>-->
        <format>zip</format>
    </formats>

    <fileSets>
        <fileSet>
            <directory>src/main/bin</directory>
            <outputDirectory>gopher-client/bin</outputDirectory>
            <includes>
                <include>CopyArtifacts.sh</include>
                <include>DeployGopher.sh</include>
               <include>ListDataNodes.sh</include>
               <include>StartServers.sh</include>
               <include>GopherClient.sh</include>
            </includes>
            <fileMode>755</fileMode>
        </fileSet>
    </fileSets>

    <dependencySets>
        <dependencySet>
            <useProjectArtifact>false</useProjectArtifact>
            <outputDirectory>gopher-client/lib</outputDirectory>
        </dependencySet>
	<dependencySet>
            <useProjectArtifact>false</useProjectArtifact>
            <outputDirectory>gopher-client/lib</outputDirectory>
            <scope>system</scope>
        </dependencySet>
    </dependencySets>

</assembly>
